{
    "dino": {
        "mean": 0.5576076090335846,
        "std": 0.06003483777457808
    }
}